name,label,sname,author,scomname,s_rank,eo_track_status_desc,explorer,egt_uid,family,ELCODE_BCD,NAME_CATEGORY_DESC,growth_habit,element_type,duration
13982,Acipenser medirostris pop. 1 : Green sturgeon (Southern DPS),Acipenser medirostris pop. 1,,Green sturgeon (Southern DPS),S2?N,Track all extant and selected historical EOs,https://explorer.natureserve.org/Taxon/ELEMENT_GLOBAL.2.1131628,ELEMENT_GLOBAL.2.1131628,Acipenseridae,AFCAA01031,Vertebrate Animal,,Animal,
13986,Acipenser medirostris pop. 2 : Green sturgeon (Northern DPS),Acipenser medirostris pop. 2,,Green sturgeon (Northern DPS),S3,Track all extant and selected historical EOs,https://explorer.natureserve.org/Taxon/ELEMENT_GLOBAL.2.1131629,ELEMENT_GLOBAL.2.1131629,Acipenseridae,AFCAA01032,Vertebrate Animal,,Animal,
7146,Actinemys marmorata : Western pond turtle,Actinemys marmorata,"(Baird and Girard, 1852)",Western pond turtle,S2,Track all extant and selected historical EOs,https://explorer.natureserve.org/Taxon/ELEMENT_GLOBAL.2.103571,ELEMENT_GLOBAL.2.103571,Emydidae,ARAAD02031,Vertebrate Animal,,Animal,
6548,Aegolius funereus : Boreal Owl,Aegolius funereus,"(Linnaeus, 1758)",Boreal Owl,S3?,Track all extant and selected historical EOs,https://explorer.natureserve.org/Taxon/ELEMENT_GLOBAL.2.105053,ELEMENT_GLOBAL.2.105053,Strigidae,ABNSB15010,Vertebrate Animal,,Animal,
6744,Agelaius tricolor : Tricolored Blackbird,Agelaius tricolor,"(Audubon, 1837)",Tricolored Blackbird,S1S2B,Track all extant and selected historical EOs,https://explorer.natureserve.org/Taxon/ELEMENT_GLOBAL.2.101015,ELEMENT_GLOBAL.2.101015,Icteridae,ABPBXB0020,Vertebrate Animal,,Animal,
6727,Ammodramus savannarum : Grasshopper Sparrow,Ammodramus savannarum,"(Gmelin, 1789)",Grasshopper Sparrow,S2B,Track all extant and selected historical EOs,https://explorer.natureserve.org/Taxon/ELEMENT_GLOBAL.2.100347,ELEMENT_GLOBAL.2.100347,Passerellidae,ABPBXA0020,Vertebrate Animal,,Animal,
7013,Ammospermophilus leucurus : White-tailed antelope squirrel,Ammospermophilus leucurus,"(Merriam, 1889)",White-tailed antelope squirrel,S4,Track all extant and selected historical EOs,https://explorer.natureserve.org/Taxon/ELEMENT_GLOBAL.2.103162,ELEMENT_GLOBAL.2.103162,Sciuridae,AMAFB04020,Vertebrate Animal,,Animal,
6442,Anarhynchus nivosus nivosus : Western Snowy Plover,Anarhynchus nivosus nivosus,"(Cassin, 1858)",Western Snowy Plover,S2,Track all extant and selected historical EOs,https://explorer.natureserve.org/Taxon/ELEMENT_GLOBAL.2.100393,ELEMENT_GLOBAL.2.100393,Charadriidae,ABNNB03031,Vertebrate Animal,,Animal,
6290,Anaxyrus woodhousii : Woodhouse's toad,Anaxyrus woodhousii,"(Girard, 1854)",Woodhouse's toad,S2,Track all extant and selected historical EOs,https://explorer.natureserve.org/Taxon/ELEMENT_GLOBAL.2.103855,ELEMENT_GLOBAL.2.103855,Bufonidae,AAABB01180,Vertebrate Animal,,Animal,
404453,Aneides klamathensis : Klamath black salamander,Aneides klamathensis,"Reilly and Wake, 2019",Klamath black salamander,S2,Track all extant and selected historical EOs,https://explorer.natureserve.org/Taxon/ELEMENT_GLOBAL.2.1162315,ELEMENT_GLOBAL.2.1162315,Plethodontidae,AAAAD01110,Vertebrate Animal,,Animal,
6349,Anser albifrons elgasi : Tule White-fronted Goose,Anser albifrons elgasi,"Delacour and Ripley, 1975",Tule White-fronted Goose,S2S3N,Track all extant and selected historical EOs,https://explorer.natureserve.org/Taxon/ELEMENT_GLOBAL.2.104369,ELEMENT_GLOBAL.2.104369,Anatidae,ABNJB03043,Vertebrate Animal,,Animal,
10136,Antigone canadensis rowani : Canadian Sandhill Crane,Antigone canadensis rowani,"(Walkinshaw, 1949)",Canadian Sandhill Crane,S2?N,Track all extant and selected historical EOs,https://explorer.natureserve.org/Taxon/ELEMENT_GLOBAL.57.10134,ELEMENT_GLOBAL.57.10134,Gruidae,ABNMK01016,Vertebrate Animal,,Animal,
6994,Antrozous pallidus : Pallid bat,Antrozous pallidus,"(Le Conte, 1856)",Pallid bat,S2,Track all extant and selected historical EOs,https://explorer.natureserve.org/Taxon/ELEMENT_GLOBAL.2.106431,ELEMENT_GLOBAL.2.106431,Vespertilionidae,AMACC10010,Vertebrate Animal,,Animal,
6404,Aquila chrysaetos : Golden Eagle,Aquila chrysaetos,"(Linnaeus, 1758)",Golden Eagle,S3S4,Track all extant and selected historical EOs,https://explorer.natureserve.org/Taxon/ELEMENT_GLOBAL.2.100925,ELEMENT_GLOBAL.2.100925,Accipitridae,ABNKC22010,Vertebrate Animal,,Animal,
420154,Arborimus longicaudus pop. 1 : Red tree vole North Oregon Coast DPS,Arborimus longicaudus pop. 1,,Red tree vole North Oregon Coast DPS,S1S2,Track all extant and selected historical EOs,https://explorer.natureserve.org/Taxon/ELEMENT_GLOBAL.2.1256169,ELEMENT_GLOBAL.2.1256169,Cricetidae,AMAFF23023,Vertebrate Animal,,Animal,
6288,Ascaphus montanus : Rocky Mountain tailed frog,Ascaphus montanus,"Mittleman and Myers, 1949",Rocky Mountain tailed frog,S2,Track all extant and selected historical EOs,https://explorer.natureserve.org/Taxon/ELEMENT_GLOBAL.2.104648,ELEMENT_GLOBAL.2.104648,Ascaphidae,AAABA01020,Vertebrate Animal,,Animal,
6547,Asio flammeus : Short-eared Owl,Asio flammeus,"(Pontoppidan, 1763)",Short-eared Owl,S3,Track all extant and selected historical EOs,https://explorer.natureserve.org/Taxon/ELEMENT_GLOBAL.2.100351,ELEMENT_GLOBAL.2.100351,Strigidae,ABNSB13040,Vertebrate Animal,,Animal,
6546,Asio otus : Long-eared Owl,Asio otus,"(Linnaeus, 1758)",Long-eared Owl,S3S4,Track all extant and selected historical EOs,https://explorer.natureserve.org/Taxon/ELEMENT_GLOBAL.2.101120,ELEMENT_GLOBAL.2.101120,Strigidae,ABNSB13010,Vertebrate Animal,,Animal,
6456,Bartramia longicauda : Upland Sandpiper,Bartramia longicauda,"(Bechstein, 1812)",Upland Sandpiper,S1B,Track all extant and selected historical EOs,https://explorer.natureserve.org/Taxon/ELEMENT_GLOBAL.2.102059,ELEMENT_GLOBAL.2.102059,Scolopacidae,ABNNF06010,Vertebrate Animal,,Animal,
6335,Botaurus exilis : Least Bittern,Botaurus exilis,"(Gmelin, 1789)",Least Bittern,S1B,Track all extant and selected historical EOs,https://explorer.natureserve.org/Taxon/ELEMENT_GLOBAL.2.106202,ELEMENT_GLOBAL.2.106202,Ardeidae,ABNGA02010,Vertebrate Animal,,Animal,
6517,Brachyramphus marmoratus : Marbled Murrelet,Brachyramphus marmoratus,"(Gmelin, 1789)",Marbled Murrelet,S2B,Track all extant and selected historical EOs,https://explorer.natureserve.org/Taxon/ELEMENT_GLOBAL.2.100239,ELEMENT_GLOBAL.2.100239,Alcidae,ABNNN06010,Vertebrate Animal,,Animal,
6357,Branta canadensis occidentalis : Dusky Canada Goose,Branta canadensis occidentalis,"(S.F. Baird, 1858)",Dusky Canada Goose,S3N,Track all extant and selected historical EOs,https://explorer.natureserve.org/Taxon/ELEMENT_GLOBAL.2.106175,ELEMENT_GLOBAL.2.106175,Anatidae,ABNJB05039,Vertebrate Animal,,Animal,
6355,Branta hutchinsii leucopareia : Aleutian Cackling Goose,Branta hutchinsii leucopareia,"(Brandt, 1836)",Aleutian Cackling Goose,S3N,Track all extant and selected historical EOs,https://explorer.natureserve.org/Taxon/ELEMENT_GLOBAL.2.100563,ELEMENT_GLOBAL.2.100563,Anatidae,ABNJB05035,Vertebrate Animal,,Animal,
6384,Bucephala albeola : Bufflehead,Bucephala albeola,"(Linnaeus, 1758)",Bufflehead,"S2B,S5N",Track all extant and selected historical EOs,https://explorer.natureserve.org/Taxon/ELEMENT_GLOBAL.2.104714,ELEMENT_GLOBAL.2.104714,Anatidae,ABNJB18030,Vertebrate Animal,,Animal,
6415,Canachites canadensis : Spruce Grouse,Canachites canadensis,"(Linnaeus, 1758)",Spruce Grouse,S3,Track all extant and selected historical EOs,https://explorer.natureserve.org/Taxon/ELEMENT_GLOBAL.2.104936,ELEMENT_GLOBAL.2.104936,Phasianidae,ABNLC09010,Vertebrate Animal,,Animal,
7099,Canis lupus : Gray wolf,Canis lupus,"Linnaeus, 1758",Gray wolf,S1S2,Track all extant and selected historical EOs,https://explorer.natureserve.org/Taxon/ELEMENT_GLOBAL.2.105212,ELEMENT_GLOBAL.2.105212,Canidae,AMAJA01030,Vertebrate Animal,,Animal,
6914,Catostomus microps : Modoc sucker,Catostomus microps,"Rutter, 1908",Modoc sucker,S1,Track all extant and selected historical EOs,https://explorer.natureserve.org/Taxon/ELEMENT_GLOBAL.2.101328,ELEMENT_GLOBAL.2.101328,Catostomidae,AFCJC02140,Vertebrate Animal,,Animal,
6916,Catostomus occidentalis lacusanserinus : Goose Lake sucker,Catostomus occidentalis lacusanserinus,"Fowler, 1913",Goose Lake sucker,S2,Track all extant and selected historical EOs,https://explorer.natureserve.org/Taxon/ELEMENT_GLOBAL.2.101881,ELEMENT_GLOBAL.2.101881,Catostomidae,AFCJC02151,Vertebrate Animal,,Animal,
6919,Catostomus rimiculus pop. 1 : Jenny Creek sucker,Catostomus rimiculus pop. 1,,Jenny Creek sucker,S2,Track all extant and selected historical EOs,https://explorer.natureserve.org/Taxon/ELEMENT_GLOBAL.2.104342,ELEMENT_GLOBAL.2.104342,Catostomidae,AFCJC02181,Vertebrate Animal,,Animal,
6920,Catostomus snyderi : Klamath largescale sucker,Catostomus snyderi,"Gilbert, 1898",Klamath largescale sucker,S3,Track all extant and selected historical EOs,https://explorer.natureserve.org/Taxon/ELEMENT_GLOBAL.2.103584,ELEMENT_GLOBAL.2.103584,Catostomidae,AFCJC02200,Vertebrate Animal,,Animal,
6921,Catostomus tahoensis : Tahoe sucker,Catostomus tahoensis,"Gill and Jordan, 1878",Tahoe sucker,S3,Track all extant and selected historical EOs,https://explorer.natureserve.org/Taxon/ELEMENT_GLOBAL.2.101315,ELEMENT_GLOBAL.2.101315,Catostomidae,AFCJC02210,Vertebrate Animal,,Animal,
6922,Catostomus warnerensis : Warner sucker,Catostomus warnerensis,"Snyder, 1908",Warner sucker,S1,Track all extant and selected historical EOs,https://explorer.natureserve.org/Taxon/ELEMENT_GLOBAL.2.100954,ELEMENT_GLOBAL.2.100954,Catostomidae,AFCJC02220,Vertebrate Animal,,Animal,
6420,Centrocercus urophasianus : Greater Sage-Grouse,Centrocercus urophasianus,"(Bonaparte, 1827)",Greater Sage-Grouse,S2,Track all extant and selected historical EOs,https://explorer.natureserve.org/Taxon/ELEMENT_GLOBAL.2.105314,ELEMENT_GLOBAL.2.105314,Phasianidae,ABNLC12010,Vertebrate Animal,,Animal,
6522,Cerorhinca monocerata : Rhinoceros Auklet,Cerorhinca monocerata,"(Pallas, 1811)",Rhinoceros Auklet,S2B,Track all extant and selected historical EOs,https://explorer.natureserve.org/Taxon/ELEMENT_GLOBAL.2.106458,ELEMENT_GLOBAL.2.106458,Alcidae,ABNNN11010,Vertebrate Animal,,Animal,
6923,Chasmistes brevirostris : Shortnose sucker,Chasmistes brevirostris,"Cope, 1879",Shortnose sucker,S1,Track all extant and selected historical EOs,https://explorer.natureserve.org/Taxon/ELEMENT_GLOBAL.2.106479,ELEMENT_GLOBAL.2.106479,Catostomidae,AFCJC03010,Vertebrate Animal,,Animal,
7145,Chrysemys picta : Painted turtle,Chrysemys picta,"(Schneider, 1783)",Painted turtle,S2,Track all extant and selected historical EOs,https://explorer.natureserve.org/Taxon/ELEMENT_GLOBAL.2.637723,ELEMENT_GLOBAL.2.637723,Emydidae,ARAAD01010,Vertebrate Animal,,Animal,
6530,Coccyzus americanus : Yellow-billed Cuckoo,Coccyzus americanus,"(Linnaeus, 1758)",Yellow-billed Cuckoo,SHB,Track all extant and selected historical EOs,https://explorer.natureserve.org/Taxon/ELEMENT_GLOBAL.2.105709,ELEMENT_GLOBAL.2.105709,Cuculidae,ABNRB02020,Vertebrate Animal,,Animal,
6991,Corynorhinus townsendii : Townsend's big-eared bat,Corynorhinus townsendii,"(Cooper, 1837)",Townsend's big-eared bat,S2,Track all extant and selected historical EOs,https://explorer.natureserve.org/Taxon/ELEMENT_GLOBAL.2.103228,ELEMENT_GLOBAL.2.103228,Vespertilionidae,AMACC08010,Vertebrate Animal,,Animal,
6791,Cottus pitensis : Pit sculpin,Cottus pitensis,"Bailey and Bond, 1963",Pit sculpin,S1,Track all extant and selected historical EOs,https://explorer.natureserve.org/Taxon/ELEMENT_GLOBAL.2.104380,ELEMENT_GLOBAL.2.104380,Cottidae,AFC4E02190,Vertebrate Animal,,Animal,
6794,Cottus tenuis : Slender sculpin,Cottus tenuis,"(Evermann and Meek, 1898)",Slender sculpin,S3,Track all extant and selected historical EOs,https://explorer.natureserve.org/Taxon/ELEMENT_GLOBAL.2.105800,ELEMENT_GLOBAL.2.105800,Cottidae,AFC4E02240,Vertebrate Animal,,Animal,
6428,Coturnicops noveboracensis : Yellow Rail,Coturnicops noveboracensis,"(Gmelin, 1789)",Yellow Rail,S2B,Track all extant and selected historical EOs,https://explorer.natureserve.org/Taxon/ELEMENT_GLOBAL.2.100233,ELEMENT_GLOBAL.2.100233,Rallidae,ABNME01010,Vertebrate Animal,,Animal,
6347,Cygnus buccinator : Trumpeter Swan,Cygnus buccinator,"Richardson, 1831",Trumpeter Swan,"S1?B,S3N",Track all extant and selected historical EOs,https://explorer.natureserve.org/Taxon/ELEMENT_GLOBAL.2.105446,ELEMENT_GLOBAL.2.105446,Anatidae,ABNJB02030,Vertebrate Animal,,Animal,
6553,Cypseloides niger : Black Swift,Cypseloides niger,"(Gmelin, 1789)",Black Swift,S2?B,Track all extant and selected historical EOs,https://explorer.natureserve.org/Taxon/ELEMENT_GLOBAL.2.101434,ELEMENT_GLOBAL.2.101434,Apodidae,ABNUA01010,Vertebrate Animal,,Animal,
6924,Deltistes luxatus : Lost River sucker,Deltistes luxatus,"(Cope, 1879)",Lost River sucker,S1,Track all extant and selected historical EOs,https://explorer.natureserve.org/Taxon/ELEMENT_GLOBAL.2.102932,ELEMENT_GLOBAL.2.102932,Catostomidae,AFCJC12010,Vertebrate Animal,,Animal,
6282,Dicamptodon copei : Cope's giant salamander,Dicamptodon copei,"Nussbaum, 1970",Cope's giant salamander,S2?,Track all extant and selected historical EOs,https://explorer.natureserve.org/Taxon/ELEMENT_GLOBAL.2.101509,ELEMENT_GLOBAL.2.101509,Dicamptodontidae,AAAAH01010,Vertebrate Animal,,Animal,
6742,Dolichonyx oryzivorus : Bobolink,Dolichonyx oryzivorus,"(Linnaeus, 1758)",Bobolink,S2B,Track all extant and selected historical EOs,https://explorer.natureserve.org/Taxon/ELEMENT_GLOBAL.2.102736,ELEMENT_GLOBAL.2.102736,Icteridae,ABPBXA9010,Vertebrate Animal,,Animal,
6339,Egretta thula : Snowy Egret,Egretta thula,"(Molina, 1782)",Snowy Egret,S2B,Track all extant and selected historical EOs,https://explorer.natureserve.org/Taxon/ELEMENT_GLOBAL.2.100485,ELEMENT_GLOBAL.2.100485,Ardeidae,ABNGA06030,Vertebrate Animal,,Animal,
7122,Enhydra lutris : Sea otter,Enhydra lutris,"(Linnaeus, 1758)",Sea otter,SH,Track all extant and selected historical EOs,https://explorer.natureserve.org/Taxon/ELEMENT_GLOBAL.2.102244,ELEMENT_GLOBAL.2.102244,Mustelidae,AMAJF09010,Vertebrate Animal,,Animal,
6774,Entosphenus minimus : Miller Lake lamprey,Entosphenus minimus,"(Bond and Kan, 1973)",Miller Lake lamprey,S2,Track all extant and selected historical EOs,https://explorer.natureserve.org/Taxon/ELEMENT_GLOBAL.2.104572,ELEMENT_GLOBAL.2.104572,Petromyzontidae,AFBAA02070,Vertebrate Animal,,Animal,
6776,Entosphenus tridentatus : Pacific lamprey,Entosphenus tridentatus,"(Richardson, 1836)",Pacific lamprey,S1S2,Track all extant and selected historical EOs,https://explorer.natureserve.org/Taxon/ELEMENT_GLOBAL.2.102975,ELEMENT_GLOBAL.2.102975,Petromyzontidae,AFBAA02100,Vertebrate Animal,,Animal,
6777,Entosphenus tridentatus ssp. 1 : Goose Lake lamprey,Entosphenus tridentatus ssp. 1,,Goose Lake lamprey,S1,Track all extant and selected historical EOs,https://explorer.natureserve.org/Taxon/ELEMENT_GLOBAL.2.104823,ELEMENT_GLOBAL.2.104823,Petromyzontidae,AFBAA02101,Vertebrate Animal,,Animal,
6598,Eremophila alpestris strigata : Streaked Horned Lark,Eremophila alpestris strigata,"(Henshaw, 1884)",Streaked Horned Lark,S2,Track all extant and selected historical EOs,https://explorer.natureserve.org/Taxon/ELEMENT_GLOBAL.2.102946,ELEMENT_GLOBAL.2.102946,Alaudidae,ABPAT0201L,Vertebrate Animal,,Animal,
7074,Erethizon dorsatum : Common porcupine,Erethizon dorsatum,"(Linnaeus, 1758)",Common porcupine,S3S4,Track all extant and selected historical EOs,https://explorer.natureserve.org/Taxon/ELEMENT_GLOBAL.2.101195,ELEMENT_GLOBAL.2.101195,Erethizontidae,AMAFJ01010,Vertebrate Animal,,Animal,
6990,Euderma maculatum : Spotted bat,Euderma maculatum,"(J.A. Allen, 1891)",Spotted bat,S2,Track all extant and selected historical EOs,https://explorer.natureserve.org/Taxon/ELEMENT_GLOBAL.2.104813,ELEMENT_GLOBAL.2.104813,Vespertilionidae,AMACC07010,Vertebrate Animal,,Animal,
7107,Eumetopias jubatus : Northern sea lion,Eumetopias jubatus,"(Schreber, 1776)",Northern sea lion,S3,Track all extant and selected historical EOs,https://explorer.natureserve.org/Taxon/ELEMENT_GLOBAL.2.104433,ELEMENT_GLOBAL.2.104433,Otariidae,AMAJC03010,Vertebrate Animal,,Animal,
6408,Falco peregrinus anatum : American Peregrine Falcon,Falco peregrinus anatum,"Bonaparte, 1838",American Peregrine Falcon,S3,Track all extant and selected historical EOs,https://explorer.natureserve.org/Taxon/ELEMENT_GLOBAL.2.105102,ELEMENT_GLOBAL.2.105102,Falconidae,ABNKD06071,Vertebrate Animal,,Animal,
12968,Falco peregrinus tundrius : Arctic Peregrine Falcon,Falco peregrinus tundrius,"C.M. White, 1968",Arctic Peregrine Falcon,S3?N,Track all extant and selected historical EOs,https://explorer.natureserve.org/Taxon/ELEMENT_GLOBAL.2.104097,ELEMENT_GLOBAL.2.104097,Falconidae,ABNKD06074,Vertebrate Animal,,Animal,
6523,Fratercula cirrhata : Tufted Puffin,Fratercula cirrhata,"(Pallas, 1769)",Tufted Puffin,S1B,Track all extant and selected historical EOs,https://explorer.natureserve.org/Taxon/ELEMENT_GLOBAL.2.100853,ELEMENT_GLOBAL.2.100853,Alcidae,ABNNN12010,Vertebrate Animal,,Animal,
7117,Gulo gulo : Wolverine,Gulo gulo,"(Linnaeus, 1758)",Wolverine,S1,Track all extant and selected historical EOs,https://explorer.natureserve.org/Taxon/ELEMENT_GLOBAL.2.103092,ELEMENT_GLOBAL.2.103092,Mustelidae,AMAJF03010,Vertebrate Animal,,Animal,
6390,Gymnogyps californianus : California Condor,Gymnogyps californianus,"(Shaw, 1797)",California Condor,SX,Track all extant and selected historical EOs,https://explorer.natureserve.org/Taxon/ELEMENT_GLOBAL.2.101273,ELEMENT_GLOBAL.2.101273,Cathartidae,ABNKA03010,Vertebrate Animal,,Animal,
6612,Gymnorhinus cyanocephalus : Pinyon Jay,Gymnorhinus cyanocephalus,"Wied, 1841",Pinyon Jay,S3,Track all extant and selected historical EOs,https://explorer.natureserve.org/Taxon/ELEMENT_GLOBAL.2.101291,ELEMENT_GLOBAL.2.101291,Corvidae,ABPAV07010,Vertebrate Animal,,Animal,
6894,Hesperoleucus mitrulus : Pit roach,Hesperoleucus mitrulus,"Snyder, 1913",Pit roach,S2?,Track all extant and selected historical EOs,https://explorer.natureserve.org/Taxon/ELEMENT_GLOBAL.2.101067,ELEMENT_GLOBAL.2.101067,Leuciscidae,AFCJB19027,Vertebrate Animal,,Animal,
6377,Histrionicus histrionicus : Harlequin Duck,Histrionicus histrionicus,"(Linnaeus, 1758)",Harlequin Duck,"S2B,S3N",Track all extant and selected historical EOs,https://explorer.natureserve.org/Taxon/ELEMENT_GLOBAL.2.104856,ELEMENT_GLOBAL.2.104856,Anatidae,ABNJB15010,Vertebrate Animal,,Animal,
6325,Hydrobates furcatus : Fork-tailed Storm-Petrel,Hydrobates furcatus,"(Gmelin, 1789)",Fork-tailed Storm-Petrel,S2B,Track all extant and selected historical EOs,https://explorer.natureserve.org/Taxon/ELEMENT_GLOBAL.2.104978,ELEMENT_GLOBAL.2.104978,Hydrobatidae,ABNDC04010,Vertebrate Animal,,Animal,
6772,Lampetra ayresii : Western River lamprey,Lampetra ayresii,"(Günther, 1870)",Western River lamprey,S3?,Track all extant and selected historical EOs,https://explorer.natureserve.org/Taxon/ELEMENT_GLOBAL.2.101220,ELEMENT_GLOBAL.2.101220,Petromyzontidae,AFBAA02030,Vertebrate Animal,,Animal,
399193,Lampetra pacifica : Pacific brook lamprey,Lampetra pacifica,"Vladykov, 1973",Pacific brook lamprey,S2?,Track all extant and selected historical EOs,https://explorer.natureserve.org/Taxon/ELEMENT_GLOBAL.2.1098980,ELEMENT_GLOBAL.2.1098980,Petromyzontidae,AFBAA02170,Vertebrate Animal,,Animal,
6988,Lasiurus cinereus : Hoary bat,Lasiurus cinereus,"(Beauvois, 1796)",Hoary bat,S3,Track all extant and selected historical EOs,https://explorer.natureserve.org/Taxon/ELEMENT_GLOBAL.2.103130,ELEMENT_GLOBAL.2.103130,Vespertilionidae,AMACC05032,Vertebrate Animal,,Animal,
7003,Lepus townsendii : White-tailed jackrabbit,Lepus townsendii,"Bachman, 1839",White-tailed jackrabbit,S2?,Track all extant and selected historical EOs,https://explorer.natureserve.org/Taxon/ELEMENT_GLOBAL.2.100375,ELEMENT_GLOBAL.2.100375,Leporidae,AMAEB03040,Vertebrate Animal,,Animal,
6572,Leuconotopicus albolarvatus : White-headed Woodpecker,Leuconotopicus albolarvatus,"(Cassin, 1850)",White-headed Woodpecker,S3,Track all extant and selected historical EOs,https://explorer.natureserve.org/Taxon/ELEMENT_GLOBAL.2.100448,ELEMENT_GLOBAL.2.100448,Picidae,ABNYF07070,Vertebrate Animal,,Animal,
6491,Leucophaeus pipixcan : Franklin's Gull,Leucophaeus pipixcan,"Wagler, 1831",Franklin's Gull,S2B,Track all extant and selected historical EOs,https://explorer.natureserve.org/Taxon/ELEMENT_GLOBAL.2.101670,ELEMENT_GLOBAL.2.101670,Laridae,ABNNM03020,Vertebrate Animal,,Animal,
6757,Leucosticte atrata : Black Rosy-Finch,Leucosticte atrata,"Ridgeway, 1874",Black Rosy-Finch,S2B,Track all extant and selected historical EOs,https://explorer.natureserve.org/Taxon/ELEMENT_GLOBAL.2.105480,ELEMENT_GLOBAL.2.105480,Fringillidae,ABPBY02010,Vertebrate Animal,,Animal,
6759,Leucosticte tephrocotis wallowa : Wallowa Rosy-Finch,Leucosticte tephrocotis wallowa,A.H. Miller 1939,Wallowa Rosy-Finch,"S2B,S2?N",Track all extant and selected historical EOs,https://explorer.natureserve.org/Taxon/ELEMENT_GLOBAL.2.100308,ELEMENT_GLOBAL.2.100308,Fringillidae,ABPBY02031,Vertebrate Animal,,Animal,
6298,Lithobates pipiens : Northern leopard frog,Lithobates pipiens,"(Schreber, 1782)",Northern leopard frog,S1,Track all extant and selected historical EOs,https://explorer.natureserve.org/Taxon/ELEMENT_GLOBAL.2.101454,ELEMENT_GLOBAL.2.101454,Ranidae,AAABH01170,Vertebrate Animal,,Animal,
7127,Lynx canadensis : Canada lynx,Lynx canadensis,"Kerr, 1792",Canada lynx,S1?,Track all extant and selected historical EOs,https://explorer.natureserve.org/Taxon/ELEMENT_GLOBAL.2.102126,ELEMENT_GLOBAL.2.102126,Felidae,AMAJH03010,Vertebrate Animal,,Animal,
365575,Martes caurina humboldtensis : Pacific Marten - Coastal Population,Martes caurina humboldtensis,"(Grinnell and Dixon, 1926)",Pacific Marten - Coastal Population,S1,Track all extant and selected historical EOs,https://explorer.natureserve.org/Taxon/ELEMENT_GLOBAL.2.1308639,ELEMENT_GLOBAL.2.1308639,Mustelidae,AMAJF01017,Vertebrate Animal,,Animal,
13969,Martes caurina pop. 1 : Pacific Marten - Interior Population,Martes caurina pop. 1,,Pacific Marten - Interior Population,S4,Track all extant and selected historical EOs,https://explorer.natureserve.org/Taxon/ELEMENT_GLOBAL.2.894177,ELEMENT_GLOBAL.2.894177,Mustelidae,AMAJF01015,Vertebrate Animal,,Animal,
6564,Melanerpes lewis : Lewis's Woodpecker,Melanerpes lewis,"(Gray, 1849)",Lewis's Woodpecker,"S3?B,S2?N",Track all extant and selected historical EOs,https://explorer.natureserve.org/Taxon/ELEMENT_GLOBAL.2.106409,ELEMENT_GLOBAL.2.106409,Picidae,ABNYF04010,Vertebrate Animal,,Animal,
6980,Myotis thysanodes : Fringed myotis,Myotis thysanodes,"Miller, 1897",Fringed myotis,S2,Track all extant and selected historical EOs,https://explorer.natureserve.org/Taxon/ELEMENT_GLOBAL.2.100426,ELEMENT_GLOBAL.2.100426,Vespertilionidae,AMACC01090,Vertebrate Animal,,Animal,
6458,Numenius americanus : Long-billed Curlew,Numenius americanus,"Bechstein, 1812",Long-billed Curlew,S3B,Track all extant and selected historical EOs,https://explorer.natureserve.org/Taxon/ELEMENT_GLOBAL.2.100438,ELEMENT_GLOBAL.2.100438,Scolopacidae,ABNNF07070,Vertebrate Animal,,Animal,
6998,Ochotona princeps : American pika,Ochotona princeps,"(Richardson, 1828)",American pika,S2S3,Track all extant and selected historical EOs,https://explorer.natureserve.org/Taxon/ELEMENT_GLOBAL.2.1060049,ELEMENT_GLOBAL.2.1060049,Ochotonidae,AMAEA01030,Vertebrate Animal,,Animal,
7133,Odocoileus virginianus leucurus : Columbian white-tailed deer,Odocoileus virginianus leucurus,"(Douglas, 1829)",Columbian white-tailed deer,S2,Track all extant and selected historical EOs,https://explorer.natureserve.org/Taxon/ELEMENT_GLOBAL.2.106305,ELEMENT_GLOBAL.2.106305,Cervidae,AMALC02022,Vertebrate Animal,,Animal,
6835,Oncorhynchus clarkii pop. 2 : Coastal cutthroat trout (Southwestern Washington/Columbia River ESU),Oncorhynchus clarkii pop. 2,,Coastal cutthroat trout (Southwestern Washington/Columbia River ESU),S2,Track all extant and selected historical EOs,https://explorer.natureserve.org/Taxon/ELEMENT_GLOBAL.2.104543,ELEMENT_GLOBAL.2.104543,Salmonidae,AFCHA0208F,Vertebrate Animal,,Animal,
6834,Oncorhynchus henshawi alvordensis : Alvord cutthroat trout,Oncorhynchus henshawi alvordensis,"(Sigler and Sigler, 1987)",Alvord cutthroat trout,SX,Track all extant and selected historical EOs,https://explorer.natureserve.org/Taxon/ELEMENT_GLOBAL.2.100698,ELEMENT_GLOBAL.2.100698,Salmonidae,AFCHA0208D,Vertebrate Animal,,Animal,
6831,Oncorhynchus henshawi henshawi : Lahontan cutthroat trout,Oncorhynchus henshawi henshawi,"(Gill and Jordan, 1878)",Lahontan cutthroat trout,S1,Track all extant and selected historical EOs,https://explorer.natureserve.org/Taxon/ELEMENT_GLOBAL.2.101616,ELEMENT_GLOBAL.2.101616,Salmonidae,AFCHA02081,Vertebrate Animal,,Animal,
6803,Oncorhynchus keta pop. 3 : Chum salmon (Columbia River ESU),Oncorhynchus keta pop. 3,,Chum salmon (Columbia River ESU),S2,Track all extant and selected historical EOs,https://explorer.natureserve.org/Taxon/ELEMENT_GLOBAL.2.103189,ELEMENT_GLOBAL.2.103189,Salmonidae,AFCHA02023,Vertebrate Animal,,Animal,
6804,Oncorhynchus keta pop. 4 : Chum salmon (Pacific Coast ESU),Oncorhynchus keta pop. 4,,Chum salmon (Pacific Coast ESU),S2,Track all extant and selected historical EOs,https://explorer.natureserve.org/Taxon/ELEMENT_GLOBAL.2.104962,ELEMENT_GLOBAL.2.104962,Salmonidae,AFCHA02024,Vertebrate Animal,,Animal,
6806,Oncorhynchus kisutch pop. 1 : Coho salmon (Lower Columbia River ESU),Oncorhynchus kisutch pop. 1,,Coho salmon (Lower Columbia River ESU),S2,Track all extant and selected historical EOs,https://explorer.natureserve.org/Taxon/ELEMENT_GLOBAL.2.791473,ELEMENT_GLOBAL.2.791473,Salmonidae,AFCHA02031,Vertebrate Animal,,Animal,
6807,Oncorhynchus kisutch pop. 2 : Coho salmon (Southern Oregon/Northern California Coasts ESU),Oncorhynchus kisutch pop. 2,,Coho salmon (Southern Oregon/Northern California Coasts ESU),S2,Track all extant and selected historical EOs,https://explorer.natureserve.org/Taxon/ELEMENT_GLOBAL.2.101300,ELEMENT_GLOBAL.2.101300,Salmonidae,AFCHA02032,Vertebrate Animal,,Animal,
6808,Oncorhynchus kisutch pop. 3 : Coho salmon (Oregon Coast ESU),Oncorhynchus kisutch pop. 3,,Coho salmon (Oregon Coast ESU),S2,Track all extant and selected historical EOs,https://explorer.natureserve.org/Taxon/ELEMENT_GLOBAL.2.103437,ELEMENT_GLOBAL.2.103437,Salmonidae,AFCHA02033,Vertebrate Animal,,Animal,
6832,Oncorhynchus lewisi : Westslope cutthroat trout,Oncorhynchus lewisi,"(Girard, 1856)",Westslope cutthroat trout,S2,Track all extant and selected historical EOs,https://explorer.natureserve.org/Taxon/ELEMENT_GLOBAL.2.103630,ELEMENT_GLOBAL.2.103630,Salmonidae,AFCHA02088,Vertebrate Animal,,Animal,
6840,Oncorhynchus mykiss gairdneri : Inland Columbia Basin redband trout,Oncorhynchus mykiss gairdneri,"Richardson, 1836",Inland Columbia Basin redband trout,S2S3,Track all extant and selected historical EOs,https://explorer.natureserve.org/Taxon/ELEMENT_GLOBAL.2.101658,ELEMENT_GLOBAL.2.101658,Salmonidae,AFCHA02092,Vertebrate Animal,,Animal,
6849,Oncorhynchus mykiss pop. 13 : Steelhead (Snake River Basin ESU),Oncorhynchus mykiss pop. 13,,Steelhead (Snake River Basin ESU),S2S3,Track all extant and selected historical EOs,https://explorer.natureserve.org/Taxon/ELEMENT_GLOBAL.2.100944,ELEMENT_GLOBAL.2.100944,Salmonidae,AFCHA0209M,Vertebrate Animal,,Animal,
6853,Oncorhynchus mykiss pop. 18 : Oregon Great Basin redband trout,Oncorhynchus mykiss pop. 18,,Oregon Great Basin redband trout,S2S3,Track all extant and selected historical EOs,https://explorer.natureserve.org/Taxon/ELEMENT_GLOBAL.2.105406,ELEMENT_GLOBAL.2.105406,Salmonidae,AFCHA0209S,Vertebrate Animal,,Animal,
6854,Oncorhynchus mykiss pop. 19 : Klamath Basin redband trout,Oncorhynchus mykiss pop. 19,,Klamath Basin redband trout,S3,Track all extant and selected historical EOs,https://explorer.natureserve.org/Taxon/ELEMENT_GLOBAL.2.105764,ELEMENT_GLOBAL.2.105764,Salmonidae,AFCHA0209T,Vertebrate Animal,,Animal,
6841,"Oncorhynchus mykiss pop. 24 : Steelhead (Klamath Mountains Province ESU, summer run)",Oncorhynchus mykiss pop. 24,,"Steelhead (Klamath Mountains Province ESU, summer run)",S2S3,Track all extant and selected historical EOs,https://explorer.natureserve.org/Taxon/ELEMENT_GLOBAL.2.102398,ELEMENT_GLOBAL.2.102398,Salmonidae,AFCHA02094,Vertebrate Animal,,Animal,
6842,"Oncorhynchus mykiss pop. 25 : Steelhead (Klamath Mountains Province ESU, winter run)",Oncorhynchus mykiss pop. 25,,"Steelhead (Klamath Mountains Province ESU, winter run)",S2S3,Track all extant and selected historical EOs,https://explorer.natureserve.org/Taxon/ELEMENT_GLOBAL.2.105371,ELEMENT_GLOBAL.2.105371,Salmonidae,AFCHA02095,Vertebrate Animal,,Animal,
6857,"Oncorhynchus mykiss pop. 26 : Steelhead (Lower Columbia River ESU, summer run)",Oncorhynchus mykiss pop. 26,,"Steelhead (Lower Columbia River ESU, summer run)",S2,Track all extant and selected historical EOs,https://explorer.natureserve.org/Taxon/ELEMENT_GLOBAL.2.104703,ELEMENT_GLOBAL.2.104703,Salmonidae,AFCHA02131,Vertebrate Animal,,Animal,
6858,"Oncorhynchus mykiss pop. 27 : Steelhead (Lower Columbia River ESU, winter run)",Oncorhynchus mykiss pop. 27,,"Steelhead (Lower Columbia River ESU, winter run)",S2,Track all extant and selected historical EOs,https://explorer.natureserve.org/Taxon/ELEMENT_GLOBAL.2.100945,ELEMENT_GLOBAL.2.100945,Salmonidae,AFCHA02132,Vertebrate Animal,,Animal,
6859,"Oncorhynchus mykiss pop. 28 : Steelhead (Middle Columbia River ESU, summer run)",Oncorhynchus mykiss pop. 28,,"Steelhead (Middle Columbia River ESU, summer run)",S2,Track all extant and selected historical EOs,https://explorer.natureserve.org/Taxon/ELEMENT_GLOBAL.2.106212,ELEMENT_GLOBAL.2.106212,Salmonidae,AFCHA02133,Vertebrate Animal,,Animal,
6860,"Oncorhynchus mykiss pop. 29 : Steelhead (Middle Columbia River ESU, winter run)",Oncorhynchus mykiss pop. 29,,"Steelhead (Middle Columbia River ESU, winter run)",S2,Track all extant and selected historical EOs,https://explorer.natureserve.org/Taxon/ELEMENT_GLOBAL.2.103431,ELEMENT_GLOBAL.2.103431,Salmonidae,AFCHA02134,Vertebrate Animal,,Animal,
6861,"Oncorhynchus mykiss pop. 30 : Steelhead (Oregon Coast ESU, summer run)",Oncorhynchus mykiss pop. 30,,"Steelhead (Oregon Coast ESU, summer run)",S2S3,Track all extant and selected historical EOs,https://explorer.natureserve.org/Taxon/ELEMENT_GLOBAL.2.101750,ELEMENT_GLOBAL.2.101750,Salmonidae,AFCHA02135,Vertebrate Animal,,Animal,
6862,"Oncorhynchus mykiss pop. 31 : Steelhead (Oregon Coast ESU, winter run)",Oncorhynchus mykiss pop. 31,,"Steelhead (Oregon Coast ESU, winter run)",S2S3,Track all extant and selected historical EOs,https://explorer.natureserve.org/Taxon/ELEMENT_GLOBAL.2.102078,ELEMENT_GLOBAL.2.102078,Salmonidae,AFCHA02136,Vertebrate Animal,,Animal,
6864,"Oncorhynchus mykiss pop. 33 : Steelhead (Upper Willamette River ESU, winter run)",Oncorhynchus mykiss pop. 33,,"Steelhead (Upper Willamette River ESU, winter run)",S2,Track all extant and selected historical EOs,https://explorer.natureserve.org/Taxon/ELEMENT_GLOBAL.2.105411,ELEMENT_GLOBAL.2.105411,Salmonidae,AFCHA02138,Vertebrate Animal,,Animal,
6866,"Oncorhynchus mykiss pop. 35 : Steelhead (Southwest Washington ESU, winter run)",Oncorhynchus mykiss pop. 35,,"Steelhead (Southwest Washington ESU, winter run)",S2,Track all extant and selected historical EOs,https://explorer.natureserve.org/Taxon/ELEMENT_GLOBAL.2.105096,ELEMENT_GLOBAL.2.105096,Salmonidae,AFCHA0213A,Vertebrate Animal,,Animal,
6811,Oncorhynchus nerka pop. 1 : Sockeye salmon (Snake River ESU),Oncorhynchus nerka pop. 1,,Sockeye salmon (Snake River ESU),"SXB,S1M",Track all extant and selected historical EOs,https://explorer.natureserve.org/Taxon/ELEMENT_GLOBAL.2.100816,ELEMENT_GLOBAL.2.100816,Salmonidae,AFCHA02042,Vertebrate Animal,,Animal,
6825,"Oncorhynchus tshawytscha pop. 18 : Chinook salmon (Deschutes River ESU, summer/fall run)",Oncorhynchus tshawytscha pop. 18,,"Chinook salmon (Deschutes River ESU, summer/fall run)",S2S3,Track all extant and selected historical EOs,https://explorer.natureserve.org/Taxon/ELEMENT_GLOBAL.2.105163,ELEMENT_GLOBAL.2.105163,Salmonidae,AFCHA0205T,Vertebrate Animal,,Animal,
6826,"Oncorhynchus tshawytscha pop. 19 : Chinook salmon (Middle Columbia River ESU, spring run)",Oncorhynchus tshawytscha pop. 19,,"Chinook salmon (Middle Columbia River ESU, spring run)",S3,Track all extant and selected historical EOs,https://explorer.natureserve.org/Taxon/ELEMENT_GLOBAL.2.100825,ELEMENT_GLOBAL.2.100825,Salmonidae,AFCHA0205U,Vertebrate Animal,,Animal,
6817,"Oncorhynchus tshawytscha pop. 2 : Chinook salmon (Snake River ESU, fall run)",Oncorhynchus tshawytscha pop. 2,,"Chinook salmon (Snake River ESU, fall run)",S1,Track all extant and selected historical EOs,https://explorer.natureserve.org/Taxon/ELEMENT_GLOBAL.2.103359,ELEMENT_GLOBAL.2.103359,Salmonidae,AFCHA0205D,Vertebrate Animal,,Animal,
6828,"Oncorhynchus tshawytscha pop. 21 : Chinook salmon (Lower Columbia River ESU, spring run)",Oncorhynchus tshawytscha pop. 21,,"Chinook salmon (Lower Columbia River ESU, spring run)",S2,Track all extant and selected historical EOs,https://explorer.natureserve.org/Taxon/ELEMENT_GLOBAL.2.104738,ELEMENT_GLOBAL.2.104738,Salmonidae,AFCHA0205W,Vertebrate Animal,,Animal,
6829,"Oncorhynchus tshawytscha pop. 22 : Chinook salmon (Lower Columbia River ESU, fall run)",Oncorhynchus tshawytscha pop. 22,,"Chinook salmon (Lower Columbia River ESU, fall run)",S2,Track all extant and selected historical EOs,https://explorer.natureserve.org/Taxon/ELEMENT_GLOBAL.2.105370,ELEMENT_GLOBAL.2.105370,Salmonidae,AFCHA0205Y,Vertebrate Animal,,Animal,
6813,"Oncorhynchus tshawytscha pop. 23 : Chinook salmon (Upper Willamette River ESU, spring run)",Oncorhynchus tshawytscha pop. 23,,"Chinook salmon (Upper Willamette River ESU, spring run)",S2,Track all extant and selected historical EOs,https://explorer.natureserve.org/Taxon/ELEMENT_GLOBAL.2.104679,ELEMENT_GLOBAL.2.104679,Salmonidae,AFCHA02052,Vertebrate Animal,,Animal,
6815,"Oncorhynchus tshawytscha pop. 25 : Chinook salmon (Southern Oregon/Northern California Coast ESU, spring run)",Oncorhynchus tshawytscha pop. 25,,"Chinook salmon (Southern Oregon/Northern California Coast ESU, spring run)",S4,Track all extant and selected historical EOs,https://explorer.natureserve.org/Taxon/ELEMENT_GLOBAL.2.102727,ELEMENT_GLOBAL.2.102727,Salmonidae,AFCHA02054,Vertebrate Animal,,Animal,
6818,"Oncorhynchus tshawytscha pop. 26 : Chinook salmon (Southern Oregon/Northern California Coast ESU, fall run)",Oncorhynchus tshawytscha pop. 26,,"Chinook salmon (Southern Oregon/Northern California Coast ESU, fall run)",S2,Track all extant and selected historical EOs,https://explorer.natureserve.org/Taxon/ELEMENT_GLOBAL.2.101024,ELEMENT_GLOBAL.2.101024,Salmonidae,AFCHA0205E,Vertebrate Animal,,Animal,
6820,"Oncorhynchus tshawytscha pop. 27 : Chinook salmon (Oregon Coast ESU, spring run)",Oncorhynchus tshawytscha pop. 27,,"Chinook salmon (Oregon Coast ESU, spring run)",S3,Track all extant and selected historical EOs,https://explorer.natureserve.org/Taxon/ELEMENT_GLOBAL.2.105761,ELEMENT_GLOBAL.2.105761,Salmonidae,AFCHA0205J,Vertebrate Animal,,Animal,
6819,"Oncorhynchus tshawytscha pop. 8 : Chinook salmon (Snake River ESU, spring/summer run)",Oncorhynchus tshawytscha pop. 8,,"Chinook salmon (Snake River ESU, spring/summer run)",S1,Track all extant and selected historical EOs,https://explorer.natureserve.org/Taxon/ELEMENT_GLOBAL.2.101638,ELEMENT_GLOBAL.2.101638,Salmonidae,AFCHA0205H,Vertebrate Animal,,Animal,
6910,Oregonichthys crameri : Oregon chub,Oregonichthys crameri,"(Snyder, 1908)",Oregon chub,S3,Track all extant and selected historical EOs,https://explorer.natureserve.org/Taxon/ELEMENT_GLOBAL.2.103713,ELEMENT_GLOBAL.2.103713,Leuciscidae,AFCJB56010,Vertebrate Animal,,Animal,
6911,Oregonichthys kalawatseti : Umpqua chub,Oregonichthys kalawatseti,"Markle, Pearsons, and Bills, 1991",Umpqua chub,S2S3,Track all extant and selected historical EOs,https://explorer.natureserve.org/Taxon/ELEMENT_GLOBAL.2.103461,ELEMENT_GLOBAL.2.103461,Leuciscidae,AFCJB56020,Vertebrate Animal,,Animal,
7139,Ovis canadensis canadensis : Rocky Mountain bighorn sheep,Ovis canadensis canadensis,"Shaw, 1804",Rocky Mountain bighorn sheep,S2,Track all extant and selected historical EOs,https://explorer.natureserve.org/Taxon/ELEMENT_GLOBAL.2.102097,ELEMENT_GLOBAL.2.102097,Bovidae,AMALE04016,Vertebrate Animal,,Animal,
7138,Ovis canadensis nelsoni : Desert bighorn sheep,Ovis canadensis nelsoni,"Merriam, 1897",Desert bighorn sheep,SX,Track all extant and selected historical EOs,https://explorer.natureserve.org/Taxon/ELEMENT_GLOBAL.2.105707,ELEMENT_GLOBAL.2.105707,Bovidae,AMALE04013,Vertebrate Animal,,Animal,
6693,Parkesia noveboracensis : Northern Waterthrush,Parkesia noveboracensis,"(Gmelin, 1789)",Northern Waterthrush,S2B,Track all extant and selected historical EOs,https://explorer.natureserve.org/Taxon/ELEMENT_GLOBAL.2.102665,ELEMENT_GLOBAL.2.102665,Parulidae,ABPBX10020,Vertebrate Animal,,Animal,
7112,Pekania pennanti : Fisher,Pekania pennanti,"(Erxleben, 1777)",Fisher,S1S2,Track all extant and selected historical EOs,https://explorer.natureserve.org/Taxon/ELEMENT_GLOBAL.2.103714,ELEMENT_GLOBAL.2.103714,Mustelidae,AMAJF01020,Vertebrate Animal,,Animal,
6327,Pelecanus erythrorhynchos : American White Pelican,Pelecanus erythrorhynchos,"Gmelin, 1789",American White Pelican,S2B,Track all extant and selected historical EOs,https://explorer.natureserve.org/Taxon/ELEMENT_GLOBAL.2.102798,ELEMENT_GLOBAL.2.102798,Pelecanidae,ABNFC01010,Vertebrate Animal,,Animal,
6329,Pelecanus occidentalis californicus : California Brown Pelican,Pelecanus occidentalis californicus,"Ridgway, 1884",California Brown Pelican,S2N,Track all extant and selected historical EOs,https://explorer.natureserve.org/Taxon/ELEMENT_GLOBAL.2.105533,ELEMENT_GLOBAL.2.105533,Pelecanidae,ABNFC01021,Vertebrate Animal,,Animal,
6760,Pinicola enucleator : Pine Grosbeak,Pinicola enucleator,"(Linnaeus, 1758)",Pine Grosbeak,S2?,Track all extant and selected historical EOs,https://explorer.natureserve.org/Taxon/ELEMENT_GLOBAL.2.104920,ELEMENT_GLOBAL.2.104920,Fringillidae,ABPBY03010,Vertebrate Animal,,Animal,
6277,Plethodon larselli : Larch Mountain salamander,Plethodon larselli,"Burns, 1953",Larch Mountain salamander,S2?,Track all extant and selected historical EOs,https://explorer.natureserve.org/Taxon/ELEMENT_GLOBAL.2.101047,ELEMENT_GLOBAL.2.101047,Plethodontidae,AAAAD12100,Vertebrate Animal,,Animal,
6278,Plethodon stormi : Siskiyou Mountains salamander,Plethodon stormi,"Highton and Brame, 1965",Siskiyou Mountains salamander,S2,Track all extant and selected historical EOs,https://explorer.natureserve.org/Taxon/ELEMENT_GLOBAL.2.101429,ELEMENT_GLOBAL.2.101429,Plethodontidae,AAAAD12180,Vertebrate Animal,,Animal,
6307,Podiceps auritus : Horned Grebe,Podiceps auritus,"(Linnaeus, 1758)",Horned Grebe,"S2B,S5N",Track all extant and selected historical EOs,https://explorer.natureserve.org/Taxon/ELEMENT_GLOBAL.2.101899,ELEMENT_GLOBAL.2.101899,Podicipedidae,ABNCA03010,Vertebrate Animal,,Animal,
6308,Podiceps grisegena : Red-necked Grebe,Podiceps grisegena,"(Boddaert, 1783)",Red-necked Grebe,"S1B,S4N",Track all extant and selected historical EOs,https://explorer.natureserve.org/Taxon/ELEMENT_GLOBAL.2.101127,ELEMENT_GLOBAL.2.101127,Podicipedidae,ABNCA03020,Vertebrate Animal,,Animal,
6721,Pooecetes gramineus affinis : Oregon Vesper Sparrow,Pooecetes gramineus affinis,"G. S. Miller, 1888",Oregon Vesper Sparrow,S1B,Track all extant and selected historical EOs,https://explorer.natureserve.org/Taxon/ELEMENT_GLOBAL.2.106361,ELEMENT_GLOBAL.2.106361,Passerellidae,ABPBX95011,Vertebrate Animal,,Animal,
6520,Ptychoramphus aleuticus : Cassin's Auklet,Ptychoramphus aleuticus,"(Pallas, 1811)",Cassin's Auklet,S2B,Track all extant and selected historical EOs,https://explorer.natureserve.org/Taxon/ELEMENT_GLOBAL.2.104487,ELEMENT_GLOBAL.2.104487,Alcidae,ABNNN08010,Vertebrate Animal,,Animal,
6295,Rana boylii : Foothill yellow-legged frog,Rana boylii,"Baird, 1854",Foothill yellow-legged frog,S2S3,Track all extant and selected historical EOs,https://explorer.natureserve.org/Taxon/ELEMENT_GLOBAL.2.102584,ELEMENT_GLOBAL.2.102584,Ranidae,AAABH01050,Vertebrate Animal,,Animal,
6300,Rana luteiventris : Columbia spotted frog,Rana luteiventris,"Thompson, 1913",Columbia spotted frog,S2S3,Track all extant and selected historical EOs,https://explorer.natureserve.org/Taxon/ELEMENT_GLOBAL.2.105087,ELEMENT_GLOBAL.2.105087,Ranidae,AAABH01290,Vertebrate Animal,,Animal,
6299,Rana pretiosa : Oregon spotted frog,Rana pretiosa,"Baird and Girard, 1853",Oregon spotted frog,S1S2,Track all extant and selected historical EOs,https://explorer.natureserve.org/Taxon/ELEMENT_GLOBAL.2.101451,ELEMENT_GLOBAL.2.101451,Ranidae,AAABH01180,Vertebrate Animal,,Animal,
6901,Rhinichthys cataractae ssp. 1 : Millicoma dace,Rhinichthys cataractae ssp. 1,,Millicoma dace,S2,Track all extant and selected historical EOs,https://explorer.natureserve.org/Taxon/ELEMENT_GLOBAL.2.104117,ELEMENT_GLOBAL.2.104117,Leuciscidae,AFCJB37021,Vertebrate Animal,,Animal,
6905,Rhinichthys klamathensis pop. 1 : Foskett Spring speckled dace,Rhinichthys klamathensis pop. 1,,Foskett Spring speckled dace,S1,Track all extant and selected historical EOs,https://explorer.natureserve.org/Taxon/ELEMENT_GLOBAL.2.100193,ELEMENT_GLOBAL.2.100193,Leuciscidae,AFCJB3705C,Vertebrate Animal,,Animal,
366210,Rhinocheilus lecontei : Long-nosed snake,Rhinocheilus lecontei,"Baird and Girard, 1853",Long-nosed snake,S1?,Track all extant and selected historical EOs,https://explorer.natureserve.org/Taxon/ELEMENT_GLOBAL.2.101284,ELEMENT_GLOBAL.2.101284,Colubridae,ARADB29010,Vertebrate Animal,,Animal,
6285,Rhyacotriton cascadae : Cascade torrent salamander,Rhyacotriton cascadae,"Good and Wake, 1992",Cascade torrent salamander,S2S3,Track all extant and selected historical EOs,https://explorer.natureserve.org/Taxon/ELEMENT_GLOBAL.2.102976,ELEMENT_GLOBAL.2.102976,Rhyacotritonidae,AAAAJ01030,Vertebrate Animal,,Animal,
6286,Rhyacotriton kezeri : Columbia torrent salamander,Rhyacotriton kezeri,"Good and Wake, 1992",Columbia torrent salamander,S2S3,Track all extant and selected historical EOs,https://explorer.natureserve.org/Taxon/ELEMENT_GLOBAL.2.103633,ELEMENT_GLOBAL.2.103633,Rhyacotritonidae,AAAAJ01040,Vertebrate Animal,,Animal,
6908,Richardsonius egregius : Lahontan redside,Richardsonius egregius,"(Girard, 1858)",Lahontan redside,S2,Track all extant and selected historical EOs,https://explorer.natureserve.org/Taxon/ELEMENT_GLOBAL.2.106214,ELEMENT_GLOBAL.2.106214,Leuciscidae,AFCJB39020,Vertebrate Animal,,Animal,
365465,Salvelinus confluentus pop. 25 : Bull trout (Upper Snake Recovery Unit),Salvelinus confluentus pop. 25,,Bull trout (Upper Snake Recovery Unit),S2,Track all extant and selected historical EOs,https://explorer.natureserve.org/Taxon/ELEMENT_GLOBAL.2.974162,ELEMENT_GLOBAL.2.974162,Salmonidae,AFCHA0502M,Vertebrate Animal,,Animal,
365466,Salvelinus confluentus pop. 26 : Bull trout (Mid-Columbia Recovery Unit),Salvelinus confluentus pop. 26,,Bull trout (Mid-Columbia Recovery Unit),S2,Track all extant and selected historical EOs,https://explorer.natureserve.org/Taxon/ELEMENT_GLOBAL.2.974174,ELEMENT_GLOBAL.2.974174,Salmonidae,AFCHA0502N,Vertebrate Animal,,Animal,
365467,Salvelinus confluentus pop. 27 : Bull trout (Klamath Recovery Unit),Salvelinus confluentus pop. 27,,Bull trout (Klamath Recovery Unit),S2,Track all extant and selected historical EOs,https://explorer.natureserve.org/Taxon/ELEMENT_GLOBAL.2.974176,ELEMENT_GLOBAL.2.974176,Salmonidae,AFCHA0502P,Vertebrate Animal,,Animal,
365468,Salvelinus confluentus pop. 28 : Bull trout (Coastal Recovery Unit),Salvelinus confluentus pop. 28,,Bull trout (Coastal Recovery Unit),S2,Track all extant and selected historical EOs,https://explorer.natureserve.org/Taxon/ELEMENT_GLOBAL.2.974178,ELEMENT_GLOBAL.2.974178,Salmonidae,AFCHA0502Q,Vertebrate Animal,,Animal,
443816,Sardinops sagax : Pacific sardine,Sardinops sagax,"(Jenyns, 1842)",Pacific sardine,S1,Track all extant and selected historical EOs,https://explorer.natureserve.org/Taxon/ELEMENT_GLOBAL.2.101641,ELEMENT_GLOBAL.2.101641,Alosidae,AFCFA10010,Vertebrate Animal,,Animal,
436237,Sebastes miniatus : Vermillion rockfish,Sebastes miniatus,"(Jordan and Gilbert, 1880)",Vermillion rockfish,S3,Track all extant and selected historical EOs,https://explorer.natureserve.org/Taxon/ELEMENT_GLOBAL.2.101387,ELEMENT_GLOBAL.2.101387,Scorpaenidae,AFC4A06390,Vertebrate Animal,,Animal,
436242,Sebastes ruberrimus : Yelloweye rockfish,Sebastes ruberrimus,"(Cramer, 1895)",Yelloweye rockfish,S2?,Track all extant and selected historical EOs,https://explorer.natureserve.org/Taxon/ELEMENT_GLOBAL.2.105771,ELEMENT_GLOBAL.2.105771,Scorpaenidae,AFC4A06530,Vertebrate Animal,,Animal,
6560,Selasphorus platycercus : Broad-tailed Hummingbird,Selasphorus platycercus,"(Swainson, 1827)",Broad-tailed Hummingbird,S2?B,Track all extant and selected historical EOs,https://explorer.natureserve.org/Taxon/ELEMENT_GLOBAL.2.104482,ELEMENT_GLOBAL.2.104482,Trochilidae,ABNUC51010,Vertebrate Animal,,Animal,
6882,Siphateles alvordensis : Alvord chub,Siphateles alvordensis,"(Hubbs and Miller, 1972)",Alvord chub,S2,Track all extant and selected historical EOs,https://explorer.natureserve.org/Taxon/ELEMENT_GLOBAL.2.103551,ELEMENT_GLOBAL.2.103551,Leuciscidae,AFCJB13010,Vertebrate Animal,,Animal,
6886,Siphateles bicolor eurysoma : Sheldon tui chub,Siphateles bicolor eurysoma,"(Williams and Bond, 1981)",Sheldon tui chub,S1,Track all extant and selected historical EOs,https://explorer.natureserve.org/Taxon/ELEMENT_GLOBAL.2.104811,ELEMENT_GLOBAL.2.104811,Leuciscidae,AFCJB1303E,Vertebrate Animal,,Animal,
6887,Siphateles bicolor oregonensis : Oregon Lakes tui chub,Siphateles bicolor oregonensis,"(Snyder, 1908)",Oregon Lakes tui chub,S1,Track all extant and selected historical EOs,https://explorer.natureserve.org/Taxon/ELEMENT_GLOBAL.2.105185,ELEMENT_GLOBAL.2.105185,Leuciscidae,AFCJB1303G,Vertebrate Animal,,Animal,
6884,Siphateles bicolor ssp. 1 : Hutton tui chub,Siphateles bicolor ssp. 1,,Hutton tui chub,S1,Track all extant and selected historical EOs,https://explorer.natureserve.org/Taxon/ELEMENT_GLOBAL.2.103347,ELEMENT_GLOBAL.2.103347,Leuciscidae,AFCJB13031,Vertebrate Animal,,Animal,
6888,Siphateles bicolor ssp. 13 : Summer Basin tui chub,Siphateles bicolor ssp. 13,,Summer Basin tui chub,S1,Track all extant and selected historical EOs,https://explorer.natureserve.org/Taxon/ELEMENT_GLOBAL.2.104077,ELEMENT_GLOBAL.2.104077,Leuciscidae,AFCJB1303N,Vertebrate Animal,,Animal,
6890,Siphateles bicolor ssp. 15 : Warner Basin tui chub,Siphateles bicolor ssp. 15,,Warner Basin tui chub,S2,Track all extant and selected historical EOs,https://explorer.natureserve.org/Taxon/ELEMENT_GLOBAL.2.101524,ELEMENT_GLOBAL.2.101524,Leuciscidae,AFCJB1303S,Vertebrate Animal,,Animal,
6885,Siphateles bicolor ssp. 2 : Catlow tui chub,Siphateles bicolor ssp. 2,,Catlow tui chub,S1,Track all extant and selected historical EOs,https://explorer.natureserve.org/Taxon/ELEMENT_GLOBAL.2.104397,ELEMENT_GLOBAL.2.104397,Leuciscidae,AFCJB13032,Vertebrate Animal,,Animal,
6889,Siphateles bicolor thalassinus : Goose Lake tui chub,Siphateles bicolor thalassinus,"(Cope, 1883)",Goose Lake tui chub,S2,Track all extant and selected historical EOs,https://explorer.natureserve.org/Taxon/ELEMENT_GLOBAL.2.104533,ELEMENT_GLOBAL.2.104533,Leuciscidae,AFCJB1303Q,Vertebrate Animal,,Animal,
6891,Siphateles boraxobius : Borax Lake chub,Siphateles boraxobius,"(Williams and Bond, 1980)",Borax Lake chub,S1,Track all extant and selected historical EOs,https://explorer.natureserve.org/Taxon/ELEMENT_GLOBAL.2.105278,ELEMENT_GLOBAL.2.105278,Leuciscidae,AFCJB13040,Vertebrate Animal,,Animal,
9958,Sitta carolinensis aculeata : Slender-billed Nuthatch,Sitta carolinensis aculeata,"Cassin, 1857",Slender-billed Nuthatch,S3,Track all extant and selected historical EOs,https://explorer.natureserve.org/Taxon/ELEMENT_GLOBAL.2.100657,ELEMENT_GLOBAL.2.100657,Sittidae,ABPAZ01021,Vertebrate Animal,,Animal,
6958,Sorex preblei : Preble's shrew,Sorex preblei,"Jackson,1922",Preble's shrew,S3,Track all extant and selected historical EOs,https://explorer.natureserve.org/Taxon/ELEMENT_GLOBAL.2.106475,ELEMENT_GLOBAL.2.106475,Soricidae,AMABA01030,Vertebrate Animal,,Animal,
443775,Squalus suckleyi : Pacific spiny dogfish,Squalus suckleyi,"(Girard, 1855)",Pacific spiny dogfish,S2,Track all extant and selected historical EOs,https://explorer.natureserve.org/Taxon/ELEMENT_GLOBAL.2.868817,ELEMENT_GLOBAL.2.868817,Squalidae,AFDEA07040,Vertebrate Animal,,Animal,
6545,Strix nebulosa : Great Gray Owl,Strix nebulosa,"Forster, 1772",Great Gray Owl,S3,Track all extant and selected historical EOs,https://explorer.natureserve.org/Taxon/ELEMENT_GLOBAL.2.100756,ELEMENT_GLOBAL.2.100756,Strigidae,ABNSB12040,Vertebrate Animal,,Animal,
6542,Strix occidentalis caurina : Northern Spotted Owl,Strix occidentalis caurina,"(Merriam, 1898)",Northern Spotted Owl,S1S2,Track all extant and selected historical EOs,https://explorer.natureserve.org/Taxon/ELEMENT_GLOBAL.2.104619,ELEMENT_GLOBAL.2.104619,Strigidae,ABNSB12011,Vertebrate Animal,,Animal,
7005,Sylvilagus idahoensis : Pygmy rabbit,Sylvilagus idahoensis,"(Merriam, 1891)",Pygmy rabbit,S2,Track all extant and selected historical EOs,https://explorer.natureserve.org/Taxon/ELEMENT_GLOBAL.2.102656,ELEMENT_GLOBAL.2.102656,Leporidae,AMAEB04010,Vertebrate Animal,,Animal,
6281,Taricha granulosa mazamae : Crater Lake newt,Taricha granulosa mazamae,"(Meyers, 1942)",Crater Lake newt,S1,Track all extant and selected historical EOs,https://explorer.natureserve.org/Taxon/ELEMENT_GLOBAL.2.104496,ELEMENT_GLOBAL.2.104496,Salamandridae,AAAAF02012,Vertebrate Animal,,Animal,
6877,Thaleichthys pacificus : Eulachon,Thaleichthys pacificus,"(Richardson, 1836)",Eulachon,S1,Track all extant and selected historical EOs,https://explorer.natureserve.org/Taxon/ELEMENT_GLOBAL.2.100935,ELEMENT_GLOBAL.2.100935,Osmeridae,AFCHB04010,Vertebrate Animal,,Animal,
7030,Thomomys bottae detumidus : Pistol River pocket gopher,Thomomys bottae detumidus,"Grinnell, 1935",Pistol River pocket gopher,S1,Track all extant and selected historical EOs,https://explorer.natureserve.org/Taxon/ELEMENT_GLOBAL.2.101246,ELEMENT_GLOBAL.2.101246,Geomyidae,AMAFC01021,Vertebrate Animal,,Animal,
7036,Thomomys mazama helleri : Gold Beach pocket gopher,Thomomys mazama helleri,"Elliot, 1903",Gold Beach pocket gopher,S1,Track all extant and selected historical EOs,https://explorer.natureserve.org/Taxon/ELEMENT_GLOBAL.2.102782,ELEMENT_GLOBAL.2.102782,Geomyidae,AMAFC01063,Vertebrate Animal,,Animal,
6423,Tympanuchus phasianellus columbianus : Columbian Sharp-tailed Grouse,Tympanuchus phasianellus columbianus,"(Ord, 1815)",Columbian Sharp-tailed Grouse,S1,Track all extant and selected historical EOs,https://explorer.natureserve.org/Taxon/ELEMENT_GLOBAL.2.104539,ELEMENT_GLOBAL.2.104539,Phasianidae,ABNLC13033,Vertebrate Animal,,Animal,
7020,Urocitellus elegans nevadensis : Wyoming ground squirrel,Urocitellus elegans nevadensis,"(A. H. Howell, 1928)",Wyoming ground squirrel,SH,Track all extant and selected historical EOs,https://explorer.natureserve.org/Taxon/ELEMENT_GLOBAL.2.106011,ELEMENT_GLOBAL.2.106011,Sciuridae,AMAFB05191,Vertebrate Animal,,Animal,
7014,Urocitellus washingtoni : Washington ground squirrel,Urocitellus washingtoni,"(A.H. Howell, 1938)",Washington ground squirrel,S2?,Track all extant and selected historical EOs,https://explorer.natureserve.org/Taxon/ELEMENT_GLOBAL.2.101353,ELEMENT_GLOBAL.2.101353,Sciuridae,AMAFB05020,Vertebrate Animal,,Animal,
7104,Ursus arctos : Grizzly bear,Ursus arctos,"Linnaeus, 1758",Grizzly bear,SX,Track all extant and selected historical EOs,https://explorer.natureserve.org/Taxon/ELEMENT_GLOBAL.2.102187,ELEMENT_GLOBAL.2.102187,Ursidae,AMAJB01020,Vertebrate Animal,,Animal,
7101,Vulpes macrotis : Kit fox,Vulpes macrotis,"Merriam, 1888",Kit fox,S1,Track all extant and selected historical EOs,https://explorer.natureserve.org/Taxon/ELEMENT_GLOBAL.2.102982,ELEMENT_GLOBAL.2.102982,Canidae,AMAJA03040,Vertebrate Animal,,Animal,
13066,Vulpes vulpes necator : Sierra Nevada red fox,Vulpes vulpes necator,"Merriam, 1900",Sierra Nevada red fox,S1,Track all extant and selected historical EOs,https://explorer.natureserve.org/Taxon/ELEMENT_GLOBAL.2.103277,ELEMENT_GLOBAL.2.103277,Canidae,AMAJA03012,Vertebrate Animal,,Animal,
