id,login,name
5835350,jadale,
9214932,olmagon,
5874769,iburyl,Ilya Burylov
4589325,season3,
2949453,fishaspey,Scott O'Donnell
500531,palebluedotterel,Luca Berardi
894947,ricardo_escobar,
8364813,ianljones,IanLJones
6394851,pondgators,Pond Gators
2571145,ejbarber22,Elias Barber
7453584,texas_nature_family,Texas Bird Family
2282061,oregonnaturalist13,Ritch Pope
5711009,twitcherette,Miranda Kennedy
8498597,gschoon,Grifin Schoonover
2604239,summerpdx,Summer Carrick
4705769,vikbjo,Viktor Björkert
1289543,bradmoon,Brad Moon
387421,seymoregulls,Seymore Gulls
2295838,sofiakp,
7000714,lisamillbank,Lisa Millbank
1668593,jcsullivan,John Sullivan
5113366,unknownalloy,
586635,lukasevans,Lukas Evans
169004,elepaio,Mark Nikas
6750200,bstedman,
7608560,yveltal,Ryan M.
7681309,zoe_chinn,
8524105,sophiaml,Sophia
3064171,fernsibley,Fern Sibley Wexler
10506505,trevormaggie,
8112171,fishfromlogy,Logan
297709,zoltshmack,
24032,alice_z,
10522912,nsaul_09,Nora Saul
3505685,danithedeer,Dani
6017472,inkasaur,Brooke J.
9618840,taichikato,Taichi Kato
1309897,sedgequeen,Barbara L. Wilson
2276183,team_sidhu-white,Team Sidhu-White
7232706,ikelman,
5627237,hoveroverus,Pysmennyi K.
10215401,seanmcnair,
7318816,lkjohnson1,
4825115,pogonomyrmex,Dale Ward
8022649,kristi93752,Kristi Newton
8425929,franciscopicondiaz,
6009938,adalea,Adalea Khoo
1430725,chewitt1,Colin Hewitt
15366,mikepatterson,Mike Patterson
9878362,unevenlane,
1941035,quiltedquetzal,quiltedquetzal
3877741,ben_gunther,Ben Gunther
6873390,macklerath,Mathias Anderson
6718267,hannamaefox,
7965818,mariekeevelyn,
1249080,russnamitz,
1781642,calebcatto,Caleb Catto
4243798,poultrypalace,Madrone Ruggiero
4271570,nancylightfoot,
6291254,bob786,Bob Ferris
2740287,stevebrazil,
416993,umpquamatt,Matt Hunter
7573684,ma_rangel,Maria Rangel
370367,tlaloc27,tlaloc27
10045467,cherrytreedental,
7585182,crr0,Chris Roberts
5754560,roulat,roula theodoropoulos
6029839,benicetobugs,Benicetobugs
9569734,jessejameswhite,Jesse James White
46628,wisel,Lindsey K. Wise
2756114,tser,Tser
3775986,afergu,Amanda Ferguson
481399,desertharrier,Laurens R Halsey
5207617,roderick_williams,Roderick Wiliams
5536563,countcorvidae,
8530369,croagunk,
773077,saria2,Saria Abboud
4621323,devinaturalist,
69231,bernardo_alps,Bernardo Alps
8975368,chimpkinnbeans,Chimpkin
10423461,natureforce,Jennifer Jones
6722720,hlunula,Luca Toro
5259,cshepherd,
444774,rfields,Ryan Fields
7933895,georgespano,
826754,shanafelt_ben,Ben Shanafelt
8277325,isopodguy,R. Hoffman
10039130,flylinedsardine,Kai
2704627,ljbrion,LJBRION
9728611,breezygamer117,
5043304,islander_iskander,Pin-Tsen JIN
4784828,salamander_breadcrumbs,Elliott Bury
521910,adamschneider,Adam Schneider
6106939,aashdown,Aaron Ashdown
4248797,acasbara,
10050220,alexseykalimulin,Kalimulin Alexey
419060,lynnhmb,Lynn Jackson
6327231,pnwcoasthiker,Dina Pavlis
5603162,rob_santry,Rob Santry
724346,wolfgangb,Wolfgang Blum
4378365,leapinlemurs83,Veronica McCleign
8864768,josh83510,Josh Flannery
1122352,augustjackson,August Jackson
2589288,sarahaceae,
35952,petrelharp,
722991,brucen,Bruce Newhouse
3042433,alicecarol,Alice Pence
6586000,jaltemus,Justin Altemus
9292725,burridge,
9429600,crabgrabber,crabgrabber
1005131,gorgesalad1,Analise Sala
84767,tlawson,Tom Lawson
714778,krbauer15,Kristofer Bauer
6833394,jasonfish,Jason
10334666,yichun85969,Yichun Sun
8642552,beeeezzzzz,Shane S
7881539,maxbplot,Maxwell Plotnikiewicz
10551917,seltmannr,
9978122,john_d4u,John Davis
3419233,leefandersen,L. Faye
8011551,jen10842,Jen E
9108591,nyersal,Alex Nyers
8399158,valerieap,Valerie Ann Perez
1410503,krissquirrely,
3567422,ginae,Gina E
4645037,kingcrxmson,Sean Peterson
7905756,mxmoss,
10551950,scootzengerald,
9014014,portlandbirder,
3355395,qalin,
3380793,chaicat5,
7936272,erothrock,
266219,rosawoodsii,Hilary Rose Dawson
2621983,mitchgillilan,Mitch Gillilan
362434,sanera,
6441305,drosera69,
7845358,nicholasc1,
9436036,cardamomthyme,Carden Brod
3736831,melst,
10327834,juhjuhbinkies,
10316536,ysagilbert,
3690594,shannon_forsberg,Shannon Forsberg
10325300,chartrolan,
8434864,jorde,Hayden Jorde
3816611,alana_mullen,Alana Mullen
6953263,centifolia,
7430711,dr_tasty,
7446525,kessilari,
1131447,susankirkbride,Susan Kirkbride
7039757,ptdotme,
9469960,pepaas,
2042957,tshahan,Thomas Shahan
10354411,emmapatricejohnson,
2337177,schallle,Lecia Schall
7766486,weevilsong,
8600247,aroselewis09,
1767372,kalechips,
462980,loriwmsk,
1629545,ellakbunny,
9246677,vannjohnson,Vanner Johnson
10179229,alexitheodore,Alexi Theodore
7620932,gexpdx,
3307222,kierandh,Kieran Hanrahan
8297066,stormyqc,Stormy
4089220,howard_erbe99,Howard Erbe
7880943,nikoherpman,Niko DeSousa
469481,christopherjanousek,
5809401,sarah_vs_oregon,Sarah Siefken
412203,erica_bleke,Erica
3788060,dadgum,
2871991,ymsak_,Sofie
3924291,tongks22,TonyT
923051,elenaconser,Elena Conser
2812261,iclassify,Rob Cuthrell
9681991,bonnie62763,Bonnie MacDonald
2449414,jamesgrasstoucher,James Hershiser
6273589,ehappy,
5231239,frondsinhighplaces,Timothy McNitt
107672,red_wolf,Gabbie Byers
30479,matthew_bettelheim,Matthew
793893,mleongkee,
3327340,elsapoguapo,David C
